{"cameraMode":{"drawMode":0,"name":"Shaded","section":"Shading Mode"},"sceneLighting":true,"audioPlay":false,"sceneViewState":{"m_AlwaysRefresh":false,"showFog":true,"showSkybox":true,"showFlares":true,"showImageEffects":true,"showParticleSystems":true,"showVisualEffectGraphs":true,"m_FxEnabled":true},"in2DMode":false,"pivot":{"x":0.47123026847839358,"y":1.4115610122680665,"z":-0.28212398290634158},"rotation":{"x":0.08965391665697098,"y":0.878915011882782,"z":-0.1826513111591339,"w":0.4314088523387909},"size":3.5214309692382814,"orthographic":false}